feature_set,objective,target_transform,stage,num_leaves,learning_rate,min_child_samples,max_depth,subsample,colsample_bytree,cat_smooth,cat_l2,include_lane,best_iteration,august_mae,august_rmse,august_mape_percent,august_r2,elapsed_seconds
full,l1,raw,screen,127,0.020000,12,-1,1.000000,1.000000,10.000000,10.000000,False,1315,117.242035,617.972981,5.391084,0.824427,11.788411
full,l1,log,screen,127,0.020000,12,-1,1.000000,1.000000,10.000000,10.000000,False,4678,114.782189,616.906209,5.282305,0.825032,43.829037
full,l2,raw,screen,127,0.020000,12,-1,1.000000,1.000000,10.000000,10.000000,False,169,204.607402,670.900067,9.381972,0.793065,2.504645
full,l2,log,screen,127,0.020000,12,-1,1.000000,1.000000,10.000000,10.000000,False,187,143.035157,629.347808,6.442049,0.817904,3.147005
full,l1,log,leaf_lr_grid,63,0.010000,12,-1,1.000000,1.000000,10.000000,10.000000,False,4948,115.453101,616.351201,5.418823,0.825347,45.527960
full,l1,log,leaf_lr_grid,63,0.020000,12,-1,1.000000,1.000000,10.000000,10.000000,False,1532,114.907540,616.369833,5.372134,0.825337,195.016287
full,l1,log,leaf_lr_grid,63,0.030000,12,-1,1.000000,1.000000,10.000000,10.000000,False,2599,115.529978,616.753038,5.451088,0.825119,28.887945
full,l1,log,leaf_lr_grid,100,0.010000,12,-1,1.000000,1.000000,10.000000,10.000000,False,3702,115.615684,617.215364,5.334800,0.824857,46.122001
full,l1,log,leaf_lr_grid,100,0.020000,12,-1,1.000000,1.000000,10.000000,10.000000,False,4236,115.731392,616.723261,5.332214,0.825136,38.393853
full,l1,log,leaf_lr_grid,100,0.030000,12,-1,1.000000,1.000000,10.000000,10.000000,False,2162,117.691433,617.439079,5.410718,0.824730,20.579275
full,l1,log,leaf_lr_grid,127,0.010000,12,-1,1.000000,1.000000,10.000000,10.000000,False,5000,115.889900,617.469747,5.351960,0.824713,54.393604
full,l1,log,leaf_lr_grid,127,0.030000,12,-1,1.000000,1.000000,10.000000,10.000000,False,1173,116.564993,617.909246,5.330727,0.824463,14.764078
full,l1,log,leaf_lr_grid,150,0.010000,12,-1,1.000000,1.000000,10.000000,10.000000,False,4999,115.483377,617.251194,5.285959,0.824837,63.924021
full,l1,log,leaf_lr_grid,150,0.020000,12,-1,1.000000,1.000000,10.000000,10.000000,False,5000,116.822084,617.437285,5.389321,0.824731,61.898823
full,l1,log,leaf_lr_grid,150,0.030000,12,-1,1.000000,1.000000,10.000000,10.000000,False,4279,116.573180,617.510405,5.372554,0.824690,58.810598
full,l1,log,child_refine,127,0.020000,10,-1,1.000000,1.000000,10.000000,10.000000,False,3378,115.528961,616.976582,5.336390,0.824993,42.407990
full,l1,log,child_refine,127,0.020000,15,-1,1.000000,1.000000,10.000000,10.000000,False,3296,116.018852,617.471510,5.333007,0.824712,40.678675
full,l1,log,child_refine,127,0.020000,20,-1,1.000000,1.000000,10.000000,10.000000,False,4057,116.275917,618.075175,5.329758,0.824369,48.263047
full,l1,log,child_refine,63,0.020000,10,-1,1.000000,1.000000,10.000000,10.000000,False,2079,115.147633,616.597914,5.425390,0.825207,16.419537
full,l1,log,child_refine,63,0.020000,15,-1,1.000000,1.000000,10.000000,10.000000,False,3139,115.100392,616.052217,5.425829,0.825517,25.111293
full,l1,log,child_refine,63,0.020000,20,-1,1.000000,1.000000,10.000000,10.000000,False,4462,114.881925,616.791870,5.413566,0.825097,35.386456
full,l1,log,sampling_check,127,0.020000,12,-1,0.900000,1.000000,10.000000,10.000000,False,4980,115.013733,617.632557,5.278744,0.824620,59.812851
full,l1,log,sampling_check,127,0.020000,12,-1,1.000000,0.900000,10.000000,10.000000,False,3945,114.512909,616.467484,5.281518,0.825281,46.524248
full,l1,log,sampling_check,127,0.020000,12,-1,0.900000,0.900000,10.000000,10.000000,False,3556,113.347545,617.067968,5.232548,0.824941,40.817611
full,l1,log,sampling_check,127,0.020000,12,-1,0.800000,0.800000,10.000000,10.000000,False,2566,112.783655,616.538911,5.227612,0.825241,29.369765
full,l1,log,lane_check,127,0.020000,12,-1,1.000000,1.000000,10.000000,10.000000,True,4998,115.524093,617.803627,5.316398,0.824523,72.850054
full,l1,log,category_reg,127,0.020000,12,-1,1.000000,1.000000,5.000000,10.000000,False,4777,115.886917,617.176223,5.335084,0.824879,43.561372
full,l1,log,category_reg,127,0.020000,12,-1,1.000000,1.000000,20.000000,10.000000,False,3159,116.519331,617.303597,5.324557,0.824807,33.106961
full,l1,log,category_reg,127,0.020000,12,-1,1.000000,1.000000,10.000000,5.000000,False,4355,115.425228,617.382506,5.314140,0.824762,39.327150
full,l1,log,category_reg,127,0.020000,12,-1,1.000000,1.000000,10.000000,20.000000,False,3835,114.714341,617.299204,5.276750,0.824809,35.253818
common,l1,raw,screen,127,0.020000,12,-1,1.000000,1.000000,10.000000,10.000000,False,4296,88.833229,614.086463,4.166439,0.826628,31.529496
common,l1,log,screen,127,0.020000,12,-1,1.000000,1.000000,10.000000,10.000000,False,3323,87.879231,613.784239,4.139147,0.826799,25.178583
common,l2,raw,screen,127,0.020000,12,-1,1.000000,1.000000,10.000000,10.000000,False,268,184.381637,664.370194,8.315981,0.797073,2.494699
common,l2,log,screen,127,0.020000,12,-1,1.000000,1.000000,10.000000,10.000000,False,158,127.780012,621.579343,6.365885,0.822372,2.006751
common,l1,log,leaf_lr_grid,63,0.010000,12,-1,1.000000,1.000000,10.000000,10.000000,False,4964,87.359906,613.620219,4.104839,0.826891,25.127177
common,l1,log,leaf_lr_grid,63,0.020000,12,-1,1.000000,1.000000,10.000000,10.000000,False,3026,86.819365,613.610594,4.099158,0.826897,16.730904
common,l1,log,leaf_lr_grid,63,0.030000,12,-1,1.000000,1.000000,10.000000,10.000000,False,2694,86.995052,613.486161,4.097058,0.826967,15.070339
common,l1,log,leaf_lr_grid,100,0.010000,12,-1,1.000000,1.000000,10.000000,10.000000,False,4989,86.850681,613.424112,4.094647,0.827002,33.697603
common,l1,log,leaf_lr_grid,100,0.020000,12,-1,1.000000,1.000000,10.000000,10.000000,False,4981,87.412549,613.340630,4.123318,0.827049,33.824688
common,l1,log,leaf_lr_grid,100,0.030000,12,-1,1.000000,1.000000,10.000000,10.000000,False,4259,87.199684,613.954436,4.110865,0.826703,28.874175
common,l1,log,leaf_lr_grid,127,0.010000,12,-1,1.000000,1.000000,10.000000,10.000000,False,4997,87.261787,613.438329,4.117288,0.826994,38.802389
common,l1,log,leaf_lr_grid,127,0.030000,12,-1,1.000000,1.000000,10.000000,10.000000,False,2675,87.888598,613.525046,4.128880,0.826945,21.735633
common,l1,log,leaf_lr_grid,150,0.010000,12,-1,1.000000,1.000000,10.000000,10.000000,False,5000,87.250266,613.628159,4.119525,0.826887,44.656539
common,l1,log,leaf_lr_grid,150,0.020000,12,-1,1.000000,1.000000,10.000000,10.000000,False,3853,87.651105,613.704267,4.131452,0.826844,34.628582
common,l1,log,leaf_lr_grid,150,0.030000,12,-1,1.000000,1.000000,10.000000,10.000000,False,2664,87.733290,613.258496,4.148647,0.827095,23.605228
common,l1,log,child_refine,63,0.020000,10,-1,1.000000,1.000000,10.000000,10.000000,False,2720,87.270618,613.611424,4.110817,0.826896,15.032830
common,l1,log,child_refine,63,0.020000,15,-1,1.000000,1.000000,10.000000,10.000000,False,3717,87.104999,613.692357,4.117163,0.826851,19.529899
common,l1,log,child_refine,63,0.020000,20,-1,1.000000,1.000000,10.000000,10.000000,False,2616,87.101585,613.516081,4.110430,0.826950,14.399160
common,l1,log,child_refine,100,0.010000,10,-1,1.000000,1.000000,10.000000,10.000000,False,3598,87.760086,613.523281,4.139312,0.826946,36.878009
common,l1,log,child_refine,100,0.010000,15,-1,1.000000,1.000000,10.000000,10.000000,False,4999,87.191521,613.423154,4.111379,0.827003,39.133352
common,l1,log,child_refine,100,0.010000,20,-1,1.000000,1.000000,10.000000,10.000000,False,5000,87.172660,613.654997,4.119128,0.826872,36.092537
common,l1,log,sampling_check,63,0.020000,12,-1,0.900000,1.000000,10.000000,10.000000,False,4981,86.190579,613.777791,4.073785,0.826803,26.712636
common,l1,log,sampling_check,63,0.020000,12,-1,1.000000,0.900000,10.000000,10.000000,False,3065,86.805432,613.671756,4.087934,0.826862,15.574873
common,l1,log,sampling_check,63,0.020000,12,-1,0.900000,0.900000,10.000000,10.000000,False,2394,86.887859,613.498302,4.097327,0.826960,12.254017
common,l1,log,sampling_check,63,0.020000,12,-1,0.800000,0.800000,10.000000,10.000000,False,4083,85.772169,613.269188,4.044776,0.827089,19.580599
common,l1,log,lane_check,63,0.020000,12,-1,1.000000,1.000000,10.000000,10.000000,True,2240,88.431917,613.954835,4.197381,0.826703,19.371955
common,l1,log,category_reg,63,0.020000,12,-1,1.000000,1.000000,5.000000,10.000000,False,2632,87.918970,613.507367,4.141838,0.826955,15.318561
common,l1,log,category_reg,63,0.020000,12,-1,1.000000,1.000000,20.000000,10.000000,False,2973,86.828565,613.639256,4.098171,0.826881,16.127898
common,l1,log,category_reg,63,0.020000,12,-1,1.000000,1.000000,10.000000,5.000000,False,3421,87.316759,613.894422,4.111360,0.826737,18.804185
common,l1,log,category_reg,63,0.020000,12,-1,1.000000,1.000000,10.000000,20.000000,False,2127,87.470009,613.813756,4.126746,0.826782,15.348672
