,pickup_lat,pickup_lon,delivery_lat,delivery_lon,distance,weight,market_index,quote_signal,posted_rate
pickup_lat,1.0,0.5592077716556786,-0.00828326889000445,-0.006143227175021534,-0.07774233791800125,0.001898301585017339,-0.0017352012151459423,-0.0041806063327652215,-0.09087344118669202
pickup_lon,0.5592077716556786,1.0,-0.008608555126801967,-0.01223050683338954,-0.2734112130910571,0.0066028572000812365,0.00143196242197753,0.013658974212753137,-0.25505844108035686
delivery_lat,-0.00828326889000445,-0.008608555126801967,1.0,0.5570830621671032,-0.08064581174222749,-0.004243231442875934,-0.002586878650834322,-0.0027084221342051676,-0.09196994067618612
delivery_lon,-0.006143227175021534,-0.01223050683338954,0.5570830621671032,1.0,-0.27565678738200333,-0.0011439279154853584,-0.0084868570160169,0.011436895004952876,-0.2570857340087841
distance,-0.07774233791800125,-0.2734112130910571,-0.08064581174222749,-0.27565678738200333,1.0,0.002543990186342575,-0.002181330424877757,-0.05724435172717835,0.9085191518300795
weight,0.001898301585017339,0.0066028572000812365,-0.004243231442875934,-0.0011439279154853584,0.002543990186342575,1.0,-0.0013312058045377147,0.008159256190009885,0.034839864177600564
market_index,-0.0017352012151459423,0.00143196242197753,-0.002586878650834322,-0.0084868570160169,-0.002181330424877757,-0.0013312058045377147,1.0,-0.06782710398018567,0.03416509829557221
quote_signal,-0.0041806063327652215,0.013658974212753137,-0.0027084221342051676,0.011436895004952876,-0.05724435172717835,0.008159256190009885,-0.06782710398018567,1.0,-0.03985797823788269
posted_rate,-0.09087344118669202,-0.25505844108035686,-0.09196994067618612,-0.2570857340087841,0.9085191518300795,0.034839864177600564,0.03416509829557221,-0.03985797823788269,1.0
